{
    "Menu": [
      {
        "id": 10,
        "name": "Vegan Veggie",
        "price": "23.95",
        "sizes": [26, 30, 40],
        "menu_description": "Daiya vegan mozzarella, paired with fresh veggies",
        "classifications": {
          "vegetarian": true
        },
        "asset": {
          "url": "/assets/img/pizzas/veganveggie.jpg"
        },
        "toppings": [
          {
            "id": 50,
            "name": "Baby Bell Peppers",
            "description": null,
            "asset": {
              "url": "/asssets/img/pizzas/veganveggie.jpg"
            }
          },
          {
            "id": 6,
            "name": "Basil",
            "description": null,
            "asset": {
              "url": "https://assets.zumepizza.com/public/9pb5d2k4.png"
            }
          },
          {
            "id": 110,
            "name": "Daiya Vegan Mozzarella",
            "description": "FILTERED WATER, TAPIOCA FLOUR, EXPELLER PRESSED NON-GMO CANOLA AND/OR SAFFLOWER OIL, COCONUT OIL, PEA PROTEIN, SALT, VEGAN NATURAL FLAVOURS, INACTIVE YEAST, VEGETABLE GLYCERIN, XANTHAN GUM, CITRIC ACID, TITANIUM DIOXIDE",
            "asset": {
              "url": "https://assets.zumepizza.com/public/oo9dpuia.png"
            }
          },
          {
            "id": 74,
            "name": "Kalamata Olives",
            "description": "KALAMATA OLIVES, WATER, SEA SALT, SUNFLOWER OIL",
            "asset": {
              "url": "https://assets.zumepizza.com/public/ezuum3ch.png"
            }
          },
          {
            "id": 2,
            "name": "Oregano",
            "description": null,
            "asset": {
              "url": "https://assets.zumepizza.com/public/1dlixxge.png"
            }
          },
          {
            "id": 75,
            "name": "Red Onions",
            "description": null,
            "asset": {
              "url": "https://assets.zumepizza.com/public/j8cy3gh3.png"
            }
          },
          {
            "id": 26,
            "name": "Roasted Garlic",
            "description": "PEELED GARLIC, CANOLA OIL",
            "asset": {
              "url": "https://assets.zumepizza.com/public/s4o6jsl6.png"
            }
          },
          {
            "id": 1,
            "name": "Tomato Sauce",
            "description": "VINE-RIPENED TOMATOES, FRESH BASIL LEAF, SALT, CALCIUM CHLORIDE, NATURALLY DERIVED CITRIC ACID, EXTRA VIRGIN OLIVE OIL, SEA SALT",
            "asset": {
              "url": "https://assets.zumepizza.com/public/3i572qur.png"
            }
          }
        ]
      },
      {
        "id": 11,
        "name": "BBQ",
        "price": "19.95",
        "sizes": [30, 40],
        "menu_description": "Classic BBQ chicken pizza with tangy BBQ sauce",
        "classifications": {
          "vegetarian": true
        },
        "asset": {
          "url": "/assets/img/pizzas/bbq.jpg"
        },
        "toppings": [
          {
            "id": 121,
            "name": "Asiago",
            "description": "CULTURED MILK, ENZYMES, SALT",
            "asset": {
              "url": "https://assets.zumepizza.com/public/gnhvc83u.png"
            }
          },
          {
            "id": 50,
            "name": "Baby Bell Peppers",
            "description": null,
            "asset": {
              "url": "https://assets.zumepizza.com/public/7650vx0h.png"
            }
          },
          {
            "id": 33,
            "name": "Basil Chiffonade",
            "description": null,
            "asset": {
              "url": "https://assets.zumepizza.com/public/bs4fw4um.png"
            }
          },
          {
            "id": 74,
            "name": "Kalamata Olives",
            "description": "KALAMATA OLIVES, WATER, SEA SALT, SUNFLOWER OIL",
            "asset": {
              "url": "https://assets.zumepizza.com/public/ezuum3ch.png"
            }
          },
          {
            "id": 5,
            "name": "Mozzarella",
            "description": "PASTEURIZED MILK, CHEESE CULTURE, SALT, ENZYMES",
            "asset": {
              "url": "https://assets.zumepizza.com/public/rv3erpfq.png"
            }
          },
          {
            "id": 2,
            "name": "Oregano",
            "description": null,
            "asset": {
              "url": "https://assets.zumepizza.com/public/1dlixxge.png"
            }
          },
          {
            "id": 75,
            "name": "Red Onions",
            "description": null,
            "asset": {
              "url": "https://assets.zumepizza.com/public/j8cy3gh3.png"
            }
          },
          {
            "id": 26,
            "name": "Roasted Garlic",
            "description": "PEELED GARLIC, CANOLA OIL",
            "asset": {
              "url": "https://assets.zumepizza.com/public/s4o6jsl6.png"
            }
          },
          {
            "id": 1,
            "name": "Tomato Sauce",
            "description": "VINE-RIPENED TOMATOES, FRESH BASIL LEAF, SALT, CALCIUM CHLORIDE, NATURALLY DERIVED CITRIC ACID, EXTRA VIRGIN OLIVE OIL, SEA SALT",
            "asset": {
              "url": "https://assets.zumepizza.com/public/3i572qur.png"
            }
          }
        ]
      },
      {
        "id": 12,
        "name": "The O.G.",
        "price": "16.95",
        "sizes": [26, 40],
        "menu_description": "The Margherita—with California flair",
        "classifications": {
          "vegetarian": true
        },
        "asset": {
          "url": "/assets/img/pizzas/og.jpg"
        },
        "toppings": [
          {
            "id": 6,
            "name": "Basil",
            "description": null,
            "asset": {
              "url": "https://assets.zumepizza.com/public/9pb5d2k4.png"
            }
          },
          {
            "id": 5,
            "name": "Mozzarella",
            "description": "PASTEURIZED MILK, CHEESE CULTURE, SALT, ENZYMES",
            "asset": {
              "url": "https://assets.zumepizza.com/public/rv3erpfq.png"
            }
          },
          {
            "id": 2,
            "name": "Oregano",
            "description": null,
            "asset": {
              "url": "https://assets.zumepizza.com/public/1dlixxge.png"
            }
          },
          {
            "id": 1,
            "name": "Tomato Sauce",
            "description": "VINE-RIPENED TOMATOES, FRESH BASIL LEAF, SALT, CALCIUM CHLORIDE, NATURALLY DERIVED CITRIC ACID, EXTRA VIRGIN OLIVE OIL, SEA SALT",
            "asset": {
              "url": "https://assets.zumepizza.com/public/3i572qur.png"
            }
          }
        ]
      }
    ]
}